{
  "name": "data-index",
  "defaultScoringProfile": "",
  "fields": [
    {
      "name": "content",
      "type": "Edm.String",
      "searchable": true,
      "filterable": false,
      "retrievable": true,
      "sortable": false,
      "facetable": false,
      "key": false,
      "indexAnalyzer": null,
      "searchAnalyzer": null,
      "analyzer": "standard.lucene",
      "normalizer": null,
      "synonymMaps": []
    },
    {
      "name": "content_ar",
      "type": "Edm.String",
      "searchable": true,
      "filterable": false,
      "retrievable": true,
      "sortable": false,
      "facetable": false,
      "key": false,
      "indexAnalyzer": null,
      "searchAnalyzer": null,
      "analyzer": "ar.lucene",
      "normalizer": null,
      "synonymMaps": []
    },
    {
      "name": "file_tags",
      "type": "Collection(Edm.String)",
      "searchable": true,
      "filterable": false,
      "retrievable": true,
      "sortable": false,
      "facetable": false,
      "key": false,
      "indexAnalyzer": null,
      "searchAnalyzer": null,
      "analyzer": "standard.lucene",
      "normalizer": null,
      "synonymMaps": []
    },
    {
      "name": "file_tags_ar",
      "type": "Collection(Edm.String)",
      "searchable": true,
      "filterable": false,
      "retrievable": true,
      "sortable": false,
      "facetable": false,
      "key": false,
      "indexAnalyzer": null,
      "searchAnalyzer": null,
      "analyzer": "ar.lucene",
      "normalizer": null,
      "synonymMaps": []
    },
    {
      "name": "path_tags",
      "type": "Collection(Edm.String)",
      "searchable": true,
      "filterable": true,
      "retrievable": true,
      "sortable": false,
      "facetable": true,
      "key": false,
      "indexAnalyzer": null,
      "searchAnalyzer": null,
      "analyzer": "standard.lucene",
      "normalizer": null,
      "synonymMaps": []
    },
    {
      "name": "path_tags_hierarchy",
      "type": "Collection(Edm.String)",
      "searchable": false,
      "filterable": false,
      "retrievable": true,
      "sortable": false,
      "facetable": false,
      "key": false,
      "indexAnalyzer": null,
      "searchAnalyzer": null,
      "normalizer": null,
      "synonymMaps": []
    },
    {
      "name": "path_tags_ar",
      "type": "Collection(Edm.String)",
      "searchable": true,
      "filterable": true,
      "retrievable": true,
      "sortable": false,
      "facetable": true,
      "key": false,
      "indexAnalyzer": null,
      "searchAnalyzer": null,
      "analyzer": "ar.lucene",
      "normalizer": null,
      "synonymMaps": []
    },
    {
      "name": "path_tags_level1",
      "type": "Edm.String",
      "searchable": true,
      "filterable": true,
      "retrievable": true,
      "sortable": false,
      "facetable": true,
      "key": false,
      "indexAnalyzer": null,
      "searchAnalyzer": null,
      "analyzer": "standard.lucene",
      "normalizer": null,
      "synonymMaps": []
    },
    {
      "name": "path_tags_level2",
      "type": "Edm.String",
      "searchable": true,
      "filterable": true,
      "retrievable": true,
      "sortable": false,
      "facetable": true,
      "key": false,
      "indexAnalyzer": null,
      "searchAnalyzer": null,
      "analyzer": "standard.lucene",
      "normalizer": null,
      "synonymMaps": []
    },
    {
      "name": "path_tags_level1_ar",
      "type": "Edm.String",
      "searchable": true,
      "filterable": true,
      "retrievable": true,
      "sortable": false,
      "facetable": true,
      "key": false,
      "indexAnalyzer": null,
      "searchAnalyzer": null,
      "analyzer": "ar.lucene",
      "normalizer": null,
      "synonymMaps": []
    },
    {
      "name": "path_tags_level2_ar",
      "type": "Edm.String",
      "searchable": true,
      "filterable": true,
      "retrievable": true,
      "sortable": false,
      "facetable": true,
      "key": false,
      "indexAnalyzer": null,
      "searchAnalyzer": null,
      "analyzer": "ar.lucene",
      "normalizer": null,
      "synonymMaps": []
    },
    {
      "name": "info",
      "type": "Edm.ComplexType",
      "fields": [
        {
          "name": "accountId",
          "type": "Edm.String",
          "searchable": false,
          "filterable": false,
          "retrievable": true,
          "sortable": false,
          "facetable": false,
          "key": false,
          "indexAnalyzer": null,
          "searchAnalyzer": null,
          "analyzer": null,
          "normalizer": null,
          "synonymMaps": []
        },
        {
          "name": "id",
          "type": "Edm.String",
          "searchable": false,
          "filterable": false,
          "retrievable": true,
          "sortable": false,
          "facetable": false,
          "key": false,
          "indexAnalyzer": null,
          "searchAnalyzer": null,
          "analyzer": null,
          "normalizer": null,
          "synonymMaps": []
        },
        {
          "name": "accountId_other_region",
          "type": "Edm.String",
          "searchable": false,
          "filterable": false,
          "retrievable": true,
          "sortable": false,
          "facetable": false,
          "key": false,
          "indexAnalyzer": null,
          "searchAnalyzer": null,
          "analyzer": null,
          "normalizer": null,
          "synonymMaps": []
        },
        {
          "name": "id_other_region",
          "type": "Edm.String",
          "searchable": false,
          "filterable": false,
          "retrievable": true,
          "sortable": false,
          "facetable": false,
          "key": false,
          "indexAnalyzer": null,
          "searchAnalyzer": null,
          "analyzer": null,
          "normalizer": null,
          "synonymMaps": []
        }
      ]
    },
    {
      "name": "url_balancer",
      "type": "Edm.String",
      "searchable": true,
      "filterable": true,
      "retrievable": true,
      "sortable": false,
      "facetable": false,
      "key": false,
      "indexAnalyzer": null,
      "searchAnalyzer": null,
      "analyzer": "standard.lucene",
      "normalizer": null,
      "synonymMaps": []
    },
    {
      "name": "url_thumbnail",
      "type": "Edm.String",
      "searchable": false,
      "filterable": false,
      "retrievable": true,
      "sortable": false,
      "facetable": false,
      "key": false,
      "indexAnalyzer": null,
      "searchAnalyzer": null,
      "analyzer": null,
      "normalizer": null,
      "synonymMaps": []
    },
    {
      "name": "metadata_storage_content_type",
      "type": "Edm.String",
      "searchable": false,
      "filterable": false,
      "retrievable": true,
      "sortable": false,
      "facetable": false,
      "key": false,
      "indexAnalyzer": null,
      "searchAnalyzer": null,
      "analyzer": null,
      "normalizer": null,
      "synonymMaps": []
    },
    {
      "name": "metadata_storage_size",
      "type": "Edm.Int64",
      "searchable": false,
      "filterable": false,
      "retrievable": true,
      "sortable": false,
      "facetable": false,
      "key": false,
      "indexAnalyzer": null,
      "searchAnalyzer": null,
      "analyzer": null,
      "normalizer": null,
      "synonymMaps": []
    },
    {
      "name": "metadata_storage_last_modified",
      "type": "Edm.DateTimeOffset",
      "searchable": false,
      "filterable": false,
      "retrievable": true,
      "sortable": false,
      "facetable": false,
      "key": false,
      "indexAnalyzer": null,
      "searchAnalyzer": null,
      "analyzer": null,
      "normalizer": null,
      "synonymMaps": []
    },
    {
      "name": "metadata_storage_content_md5",
      "type": "Edm.String",
      "searchable": true,
      "filterable": false,
      "retrievable": true,
      "sortable": false,
      "facetable": false,
      "key": true,
      "indexAnalyzer": null,
      "searchAnalyzer": null,
      "analyzer": null,
      "normalizer": null,
      "synonymMaps": []
    },
    {
      "name": "metadata_storage_name",
      "type": "Edm.String",
      "searchable": true,
      "filterable": false,
      "retrievable": true,
      "sortable": false,
      "facetable": false,
      "key": false,
      "indexAnalyzer": null,
      "searchAnalyzer": null,
      "analyzer": null,
      "normalizer": null,
      "synonymMaps": []
    },
    {
      "name": "metadata_storage_path",
      "type": "Edm.String",
      "searchable": false,
      "filterable": false,
      "retrievable": true,
      "sortable": false,
      "facetable": false,
      "key": false,
      "indexAnalyzer": null,
      "searchAnalyzer": null,
      "analyzer": null,
      "normalizer": null,
      "synonymMaps": []
    },
    {
      "name": "metadata_storage_file_extension",
      "type": "Edm.String",
      "searchable": false,
      "filterable": false,
      "retrievable": true,
      "sortable": false,
      "facetable": false,
      "key": false,
      "indexAnalyzer": null,
      "searchAnalyzer": null,
      "analyzer": null,
      "normalizer": null,
      "synonymMaps": []
    },
    {
      "name": "content_type",
      "type": "Edm.String",
      "searchable": true,
      "filterable": true,
      "retrievable": true,
      "sortable": false,
      "facetable": true,
      "key": false,
      "indexAnalyzer": null,
      "searchAnalyzer": null,
      "analyzer": "standard.lucene",
      "normalizer": null,
      "synonymMaps": []
    },
    {
      "name": "content_type_ar",
      "type": "Edm.String",
      "searchable": true,
      "filterable": true,
      "retrievable": true,
      "sortable": false,
      "facetable": true,
      "key": false,
      "indexAnalyzer": null,
      "searchAnalyzer": null,
      "analyzer": "ar.lucene",
      "normalizer": null,
      "synonymMaps": []
    },
    {
      "name": "metadata_content_type",
      "type": "Edm.String",
      "searchable": false,
      "filterable": false,
      "retrievable": true,
      "sortable": false,
      "facetable": false,
      "key": false,
      "indexAnalyzer": null,
      "searchAnalyzer": null,
      "analyzer": null,
      "normalizer": null,
      "synonymMaps": []
    },
    {
      "name": "people",
      "type": "Collection(Edm.String)",
      "searchable": false,
      "filterable": true,
      "retrievable": true,
      "sortable": false,
      "facetable": true,
      "key": false,
      "indexAnalyzer": null,
      "searchAnalyzer": null,
      "analyzer": null,
      "normalizer": null,
      "synonymMaps": []
    },
    {
      "name": "people_ar",
      "type": "Collection(Edm.String)",
      "searchable": false,
      "filterable": true,
      "retrievable": true,
      "sortable": false,
      "facetable": true,
      "key": false,
      "indexAnalyzer": null,
      "searchAnalyzer": null,
      "analyzer": null,
      "normalizer": null,
      "synonymMaps": []
    },
    {
      "name": "organizations",
      "type": "Collection(Edm.String)",
      "searchable": false,
      "filterable": true,
      "retrievable": true,
      "sortable": false,
      "facetable": true,
      "key": false,
      "indexAnalyzer": null,
      "searchAnalyzer": null,
      "analyzer": null,
      "normalizer": null,
      "synonymMaps": []
    },
    {
      "name": "organizations_ar",
      "type": "Collection(Edm.String)",
      "searchable": false,
      "filterable": true,
      "retrievable": true,
      "sortable": false,
      "facetable": true,
      "key": false,
      "indexAnalyzer": null,
      "searchAnalyzer": null,
      "analyzer": null,
      "normalizer": null,
      "synonymMaps": []
    },
    {
      "name": "locations",
      "type": "Collection(Edm.String)",
      "searchable": false,
      "filterable": true,
      "retrievable": true,
      "sortable": false,
      "facetable": true,
      "key": false,
      "indexAnalyzer": null,
      "searchAnalyzer": null,
      "analyzer": null,
      "normalizer": null,
      "synonymMaps": []
    },
    {
      "name": "locations_ar",
      "type": "Collection(Edm.String)",
      "searchable": false,
      "filterable": true,
      "retrievable": true,
      "sortable": false,
      "facetable": true,
      "key": false,
      "indexAnalyzer": null,
      "searchAnalyzer": null,
      "analyzer": null,
      "normalizer": null,
      "synonymMaps": []
    },
    {
      "name": "keyphrases",
      "type": "Collection(Edm.String)",
      "searchable": false,
      "filterable": false,
      "retrievable": true,
      "sortable": false,
      "facetable": false,
      "key": false,
      "indexAnalyzer": null,
      "searchAnalyzer": null,
      "analyzer": null,
      "normalizer": null,
      "synonymMaps": []
    },
    {
      "name": "language",
      "type": "Edm.String",
      "searchable": false,
      "filterable": false,
      "retrievable": true,
      "sortable": false,
      "facetable": false,
      "key": false,
      "indexAnalyzer": null,
      "searchAnalyzer": null,
      "analyzer": null,
      "normalizer": null,
      "synonymMaps": []
    },
    {
      "name": "translated_text",
      "type": "Edm.String",
      "searchable": true,
      "filterable": false,
      "retrievable": true,
      "sortable": false,
      "facetable": false,
      "key": false,
      "indexAnalyzer": null,
      "searchAnalyzer": null,
      "analyzer": "en.lucene",
      "normalizer": null,
      "synonymMaps": []
    },
    {
      "name": "pii_entities",
      "type": "Collection(Edm.ComplexType)",
      "fields": [
        {
          "name": "text",
          "type": "Edm.String",
          "searchable": false,
          "filterable": false,
          "retrievable": true,
          "sortable": false,
          "facetable": false,
          "key": false,
          "indexAnalyzer": null,
          "searchAnalyzer": null,
          "analyzer": null,
          "normalizer": null,
          "synonymMaps": []
        },
        {
          "name": "type",
          "type": "Edm.String",
          "searchable": false,
          "filterable": false,
          "retrievable": true,
          "sortable": false,
          "facetable": false,
          "key": false,
          "indexAnalyzer": null,
          "searchAnalyzer": null,
          "analyzer": null,
          "normalizer": null,
          "synonymMaps": []
        },
        {
          "name": "subtype",
          "type": "Edm.String",
          "searchable": false,
          "filterable": false,
          "retrievable": true,
          "sortable": false,
          "facetable": false,
          "key": false,
          "indexAnalyzer": null,
          "searchAnalyzer": null,
          "analyzer": null,
          "normalizer": null,
          "synonymMaps": []
        },
        {
          "name": "offset",
          "type": "Edm.Int32",
          "searchable": false,
          "filterable": false,
          "retrievable": true,
          "sortable": false,
          "facetable": false,
          "key": false,
          "indexAnalyzer": null,
          "searchAnalyzer": null,
          "analyzer": null,
          "normalizer": null,
          "synonymMaps": []
        },
        {
          "name": "length",
          "type": "Edm.Int32",
          "searchable": false,
          "filterable": false,
          "retrievable": true,
          "sortable": false,
          "facetable": false,
          "key": false,
          "indexAnalyzer": null,
          "searchAnalyzer": null,
          "analyzer": null,
          "normalizer": null,
          "synonymMaps": []
        },
        {
          "name": "score",
          "type": "Edm.Double",
          "searchable": false,
          "filterable": false,
          "retrievable": true,
          "sortable": false,
          "facetable": false,
          "key": false,
          "indexAnalyzer": null,
          "searchAnalyzer": null,
          "analyzer": null,
          "normalizer": null,
          "synonymMaps": []
        }
      ]
    },
    {
      "name": "masked_text",
      "type": "Edm.String",
      "searchable": true,
      "filterable": false,
      "retrievable": true,
      "sortable": false,
      "facetable": false,
      "key": false,
      "indexAnalyzer": null,
      "searchAnalyzer": null,
      "analyzer": "standard.lucene",
      "normalizer": null,
      "synonymMaps": []
    },
    {
      "name": "merged_content",
      "type": "Edm.String",
      "searchable": true,
      "filterable": false,
      "retrievable": true,
      "sortable": false,
      "facetable": false,
      "key": false,
      "indexAnalyzer": null,
      "searchAnalyzer": null,
      "analyzer": "standard.lucene",
      "normalizer": null,
      "synonymMaps": []
    },
    {
      "name": "text",
      "type": "Collection(Edm.String)",
      "searchable": true,
      "filterable": false,
      "retrievable": true,
      "sortable": false,
      "facetable": false,
      "key": false,
      "indexAnalyzer": null,
      "searchAnalyzer": null,
      "analyzer": "standard.lucene",
      "normalizer": null,
      "synonymMaps": []
    },
    {
      "name": "imageTags",
      "type": "Collection(Edm.String)",
      "searchable": false,
      "filterable": false,
      "retrievable": true,
      "sortable": false,
      "facetable": false,
      "key": false,
      "indexAnalyzer": null,
      "searchAnalyzer": null,
      "analyzer": null,
      "normalizer": null,
      "synonymMaps": []
    },
    {
      "name": "imageTags_ar",
      "type": "Collection(Edm.String)",
      "searchable": false,
      "filterable": false,
      "retrievable": true,
      "sortable": false,
      "facetable": false,
      "key": false,
      "indexAnalyzer": null,
      "searchAnalyzer": null,
      "analyzer": null,
      "normalizer": null,
      "synonymMaps": []
    },
    {
      "name": "imageBrands_ar",
      "type": "Collection(Edm.String)",
      "searchable": true,
      "filterable": false,
      "retrievable": true,
      "sortable": false,
      "facetable": false,
      "key": false,
      "indexAnalyzer": null,
      "searchAnalyzer": null,
      "analyzer": "ar.lucene",
      "normalizer": null,
      "synonymMaps": []
    },
    {
      "name": "imageCaption_ar",
      "type": "Collection(Edm.String)",
      "searchable": false,
      "filterable": false,
      "retrievable": true,
      "sortable": false,
      "facetable": false,
      "key": false,
      "indexAnalyzer": null,
      "searchAnalyzer": null,
      "analyzer": null,
      "normalizer": null,
      "synonymMaps": []
    },
    {
      "name": "imageCelebrities",
      "type": "Collection(Edm.String)",
      "searchable": true,
      "filterable": true,
      "retrievable": true,
      "sortable": false,
      "facetable": true,
      "key": false,
      "indexAnalyzer": null,
      "searchAnalyzer": null,
      "analyzer": "standard.lucene",
      "normalizer": null,
      "synonymMaps": []
    },
    {
      "name": "imageLandmarks",
      "type": "Collection(Edm.String)",
      "searchable": true,
      "filterable": true,
      "retrievable": true,
      "sortable": false,
      "facetable": true,
      "key": false,
      "indexAnalyzer": null,
      "searchAnalyzer": null,
      "analyzer": "standard.lucene",
      "normalizer": null,
      "synonymMaps": []
    },
    {
      "name": "imageCelebrities_ar",
      "type": "Collection(Edm.String)",
      "searchable": true,
      "filterable": true,
      "retrievable": true,
      "sortable": false,
      "facetable": true,
      "key": false,
      "indexAnalyzer": null,
      "searchAnalyzer": null,
      "analyzer": "ar.lucene",
      "normalizer": null,
      "synonymMaps": []
    },
    {
      "name": "imageLandmarks_ar",
      "type": "Collection(Edm.String)",
      "searchable": true,
      "filterable": true,
      "retrievable": true,
      "sortable": false,
      "facetable": true,
      "key": false,
      "indexAnalyzer": null,
      "searchAnalyzer": null,
      "analyzer": "ar.lucene",
      "normalizer": null,
      "synonymMaps": []
    },
    {
      "name": "ocr",
      "type": "Edm.String",
      "searchable": true,
      "filterable": false,
      "retrievable": true,
      "sortable": false,
      "facetable": false,
      "key": false,
      "indexAnalyzer": null,
      "searchAnalyzer": null,
      "analyzer": "standard.lucene",
      "normalizer": null,
      "synonymMaps": []
    },
    {
      "name": "ocr_en",
      "type": "Edm.String",
      "searchable": true,
      "filterable": false,
      "retrievable": true,
      "sortable": false,
      "facetable": false,
      "key": false,
      "indexAnalyzer": null,
      "searchAnalyzer": null,
      "analyzer": "standard.lucene",
      "normalizer": null,
      "synonymMaps": []
    },
    {
      "name": "ocr_ar",
      "type": "Edm.String",
      "searchable": true,
      "filterable": false,
      "retrievable": true,
      "sortable": false,
      "facetable": false,
      "key": false,
      "indexAnalyzer": null,
      "searchAnalyzer": null,
      "analyzer": "ar.lucene",
      "normalizer": null,
      "synonymMaps": []
    },
    {
      "name": "video_indexer",
      "type": "Edm.ComplexType",
      "fields": [
        {
          "name": "name",
          "type": "Edm.String",
          "searchable": true,
          "filterable": false,
          "retrievable": true,
          "sortable": false,
          "facetable": false,
          "key": false,
          "indexAnalyzer": null,
          "searchAnalyzer": null,
          "analyzer": "standard.lucene",
          "normalizer": null,
          "synonymMaps": []
        },
        {
          "name": "videos",
          "type": "Collection(Edm.ComplexType)",
          "fields": [
            {
              "name": "insights",
              "type": "Edm.ComplexType",
              "fields": [
                {
                  "name": "keywords",
                  "type": "Collection(Edm.ComplexType)",
                  "fields": [
                    {
                      "name": "text",
                      "type": "Edm.String",
                      "searchable": true,
                      "filterable": false,
                      "retrievable": true,
                      "sortable": false,
                      "facetable": false,
                      "key": false,
                      "indexAnalyzer": null,
                      "searchAnalyzer": null,
                      "analyzer": "standard.lucene",
                      "normalizer": null,
                      "synonymMaps": []
                    },
                    {
                      "name": "confidence",
                      "type": "Edm.Double",
                      "searchable": false,
                      "filterable": false,
                      "retrievable": true,
                      "sortable": false,
                      "facetable": false,
                      "key": false,
                      "indexAnalyzer": null,
                      "searchAnalyzer": null,
                      "analyzer": null,
                      "normalizer": null,
                      "synonymMaps": []
                    }
                  ]
                },
                {
                  "name": "labels",
                  "type": "Collection(Edm.ComplexType)",
                  "fields": [
                    {
                      "name": "name",
                      "type": "Edm.String",
                      "searchable": true,
                      "filterable": false,
                      "retrievable": true,
                      "sortable": false,
                      "facetable": false,
                      "key": false,
                      "indexAnalyzer": null,
                      "searchAnalyzer": null,
                      "analyzer": "standard.lucene",
                      "normalizer": null,
                      "synonymMaps": []
                    },
                    {
                      "name": "instances",
                      "type": "Collection(Edm.ComplexType)",
                      "fields": [
                        {
                          "name": "confidence",
                          "type": "Edm.Double",
                          "searchable": false,
                          "filterable": false,
                          "retrievable": true,
                          "sortable": false,
                          "facetable": false,
                          "key": false,
                          "indexAnalyzer": null,
                          "searchAnalyzer": null,
                          "analyzer": null,
                          "normalizer": null,
                          "synonymMaps": []
                        }
                      ]
                    }
                  ]
                },
                {
                  "name": "brands",
                  "type": "Collection(Edm.ComplexType)",
                  "fields": [
                    {
                      "name": "referenceId",
                      "type": "Edm.String",
                      "searchable": true,
                      "filterable": false,
                      "retrievable": true,
                      "sortable": false,
                      "facetable": false,
                      "key": false,
                      "indexAnalyzer": null,
                      "searchAnalyzer": null,
                      "analyzer": "standard.lucene",
                      "normalizer": null,
                      "synonymMaps": []
                    },
                    {
                      "name": "confidence",
                      "type": "Edm.Double",
                      "searchable": false,
                      "filterable": false,
                      "retrievable": true,
                      "sortable": false,
                      "facetable": false,
                      "key": false,
                      "indexAnalyzer": null,
                      "searchAnalyzer": null,
                      "analyzer": null,
                      "normalizer": null,
                      "synonymMaps": []
                    },
                    {
                      "name": "description",
                      "type": "Edm.String",
                      "searchable": false,
                      "filterable": false,
                      "retrievable": true,
                      "sortable": false,
                      "facetable": false,
                      "key": false,
                      "indexAnalyzer": null,
                      "searchAnalyzer": null,
                      "analyzer": null,
                      "normalizer": null,
                      "synonymMaps": []
                    },
                    {
                      "name": "name",
                      "type": "Edm.String",
                      "searchable": true,
                      "filterable": true,
                      "retrievable": true,
                      "sortable": false,
                      "facetable": true,
                      "key": false,
                      "indexAnalyzer": null,
                      "searchAnalyzer": null,
                      "analyzer": "standard.lucene",
                      "normalizer": null,
                      "synonymMaps": []
                    }
                  ]
                },
                {
                  "name": "namedLocations",
                  "type": "Collection(Edm.ComplexType)",
                  "fields": [
                    {
                      "name": "name",
                      "type": "Edm.String",
                      "searchable": true,
                      "filterable": true,
                      "retrievable": true,
                      "sortable": false,
                      "facetable": true,
                      "key": false,
                      "indexAnalyzer": null,
                      "searchAnalyzer": null,
                      "analyzer": "standard.lucene",
                      "normalizer": null,
                      "synonymMaps": []
                    },
                    {
                      "name": "confidence",
                      "type": "Edm.Double",
                      "searchable": false,
                      "filterable": false,
                      "retrievable": true,
                      "sortable": false,
                      "facetable": false,
                      "key": false,
                      "indexAnalyzer": null,
                      "searchAnalyzer": null,
                      "analyzer": null,
                      "normalizer": null,
                      "synonymMaps": []
                    },
                    {
                      "name": "referenceId",
                      "type": "Edm.String",
                      "searchable": false,
                      "filterable": false,
                      "retrievable": true,
                      "sortable": false,
                      "facetable": false,
                      "key": false,
                      "indexAnalyzer": null,
                      "searchAnalyzer": null,
                      "analyzer": null,
                      "normalizer": null,
                      "synonymMaps": []
                    }
                  ]
                },
                {
                  "name": "namedPeople",
                  "type": "Collection(Edm.ComplexType)",
                  "fields": [
                    {
                      "name": "name",
                      "type": "Edm.String",
                      "searchable": true,
                      "filterable": true,
                      "retrievable": true,
                      "sortable": false,
                      "facetable": true,
                      "key": false,
                      "indexAnalyzer": null,
                      "searchAnalyzer": null,
                      "analyzer": "standard.lucene",
                      "normalizer": null,
                      "synonymMaps": []
                    },
                    {
                      "name": "confidence",
                      "type": "Edm.Double",
                      "searchable": false,
                      "filterable": false,
                      "retrievable": true,
                      "sortable": false,
                      "facetable": false,
                      "key": false,
                      "indexAnalyzer": null,
                      "searchAnalyzer": null,
                      "analyzer": null,
                      "normalizer": null,
                      "synonymMaps": []
                    },
                    {
                      "name": "referenceId",
                      "type": "Edm.String",
                      "searchable": false,
                      "filterable": false,
                      "retrievable": true,
                      "sortable": false,
                      "facetable": false,
                      "key": false,
                      "indexAnalyzer": null,
                      "searchAnalyzer": null,
                      "analyzer": null,
                      "normalizer": null,
                      "synonymMaps": []
                    }
                  ]
                },
                {
                  "name": "topics",
                  "type": "Collection(Edm.ComplexType)",
                  "fields": [
                    {
                      "name": "iptcName",
                      "type": "Edm.String",
                      "searchable": false,
                      "filterable": false,
                      "retrievable": true,
                      "sortable": false,
                      "facetable": false,
                      "key": false,
                      "indexAnalyzer": null,
                      "searchAnalyzer": null,
                      "analyzer": null,
                      "normalizer": null,
                      "synonymMaps": []
                    },
                    {
                      "name": "name",
                      "type": "Edm.String",
                      "searchable": true,
                      "filterable": true,
                      "retrievable": true,
                      "sortable": false,
                      "facetable": true,
                      "key": false,
                      "indexAnalyzer": null,
                      "searchAnalyzer": null,
                      "analyzer": "standard.lucene",
                      "normalizer": null,
                      "synonymMaps": []
                    },
                    {
                      "name": "iabName",
                      "type": "Edm.String",
                      "searchable": false,
                      "filterable": false,
                      "retrievable": true,
                      "sortable": false,
                      "facetable": false,
                      "key": false,
                      "indexAnalyzer": null,
                      "searchAnalyzer": null,
                      "analyzer": null,
                      "normalizer": null,
                      "synonymMaps": []
                    },
                    {
                      "name": "confidence",
                      "type": "Edm.Double",
                      "searchable": false,
                      "filterable": false,
                      "retrievable": true,
                      "sortable": false,
                      "facetable": false,
                      "key": false,
                      "indexAnalyzer": null,
                      "searchAnalyzer": null,
                      "analyzer": null,
                      "normalizer": null,
                      "synonymMaps": []
                    }
                  ]
                }
              ]
            }
          ]
        }
      ]
    },
    {
      "name": "imageCaption",
      "type": "Collection(Edm.ComplexType)",
      "fields": [
        {
          "name": "tags",
          "type": "Collection(Edm.String)",
          "searchable": true,
          "filterable": false,
          "retrievable": true,
          "sortable": false,
          "facetable": false,
          "key": false,
          "indexAnalyzer": null,
          "searchAnalyzer": null,
          "analyzer": "standard.lucene",
          "normalizer": null,
          "synonymMaps": []
        },
        {
          "name": "captions",
          "type": "Collection(Edm.ComplexType)",
          "fields": [
            {
              "name": "text",
              "type": "Edm.String",
              "searchable": true,
              "filterable": false,
              "retrievable": true,
              "sortable": false,
              "facetable": false,
              "key": false,
              "indexAnalyzer": null,
              "searchAnalyzer": null,
              "analyzer": "standard.lucene",
              "normalizer": null,
              "synonymMaps": []
            },
            {
              "name": "confidence",
              "type": "Edm.Double",
              "searchable": false,
              "filterable": false,
              "retrievable": true,
              "sortable": false,
              "facetable": false,
              "key": false,
              "indexAnalyzer": null,
              "searchAnalyzer": null,
              "analyzer": null,
              "normalizer": null,
              "synonymMaps": []
            }
          ]
        }
      ]
    },
    {
      "name": "imageBrands",
      "type": "Collection(Edm.ComplexType)",
      "fields": [
        {
          "name": "name",
          "type": "Edm.String",
          "searchable": true,
          "retrievable": true,
          "filterable": false,
          "facetable": false,
          "analyzer": "standard.lucene"
        },
        {
          "name": "confidence",
          "type": "Edm.Double",
          "searchable": false,
          "filterable": false,
          "facetable": false
        }
      ]
    },
    {
      "name": "layoutText",
      "type": "Collection(Edm.ComplexType)",
      "fields": [
        {
          "name": "language",
          "type": "Edm.String",
          "searchable": false,
          "filterable": false,
          "retrievable": true,
          "sortable": false,
          "facetable": false,
          "key": false,
          "indexAnalyzer": null,
          "searchAnalyzer": null,
          "analyzer": null,
          "normalizer": null,
          "synonymMaps": []
        },
        {
          "name": "text",
          "type": "Edm.String",
          "searchable": true,
          "filterable": false,
          "retrievable": true,
          "sortable": false,
          "facetable": false,
          "key": false,
          "indexAnalyzer": null,
          "searchAnalyzer": null,
          "analyzer": "standard.lucene",
          "normalizer": null,
          "synonymMaps": []
        }
      ]
    },
    {
      "name": "creation_time",
      "type": "Edm.String",
      "searchable": false,
      "filterable": false,
      "retrievable": true,
      "sortable": false,
      "facetable": false,
      "key": false,
      "indexAnalyzer": null,
      "searchAnalyzer": null,
      "analyzer": null,
      "normalizer": null,
      "synonymMaps": []
    },
    {
      "name": "text_en",
      "type": "Collection(Edm.String)",
      "searchable": true,
      "filterable": false,
      "retrievable": true,
      "sortable": false,
      "facetable": false,
      "key": false,
      "indexAnalyzer": null,
      "searchAnalyzer": null,
      "analyzer": "standard.lucene",
      "normalizer": null,
      "synonymMaps": []
    },
    {
      "name": "text_ar",
      "type": "Collection(Edm.String)",
      "searchable": true,
      "filterable": false,
      "retrievable": true,
      "sortable": false,
      "facetable": false,
      "key": false,
      "indexAnalyzer": null,
      "searchAnalyzer": null,
      "analyzer": "ar.lucene",
      "normalizer": null,
      "synonymMaps": []
    },
    {
      "name": "subject",
      "type": "Edm.String",
      "searchable": true,
      "filterable": false,
      "retrievable": true,
      "sortable": false,
      "facetable": false,
      "key": false,
      "indexAnalyzer": null,
      "searchAnalyzer": null,
      "analyzer": "standard.lucene",
      "normalizer": null,
      "synonymMaps": []
    },
    {
      "name": "abstract",
      "type": "Edm.String",
      "searchable": true,
      "filterable": false,
      "retrievable": true,
      "sortable": false,
      "facetable": false,
      "key": false,
      "indexAnalyzer": null,
      "searchAnalyzer": null,
      "analyzer": "standard.lucene",
      "normalizer": null,
      "synonymMaps": []
    },
    {
      "name": "comment",
      "type": "Edm.String",
      "searchable": true,
      "filterable": false,
      "retrievable": true,
      "sortable": false,
      "facetable": false,
      "key": false,
      "indexAnalyzer": null,
      "searchAnalyzer": null,
      "analyzer": "standard.lucene",
      "normalizer": null,
      "synonymMaps": []
    },
    {
      "name": "subject_ar",
      "type": "Edm.String",
      "searchable": true,
      "filterable": false,
      "retrievable": true,
      "sortable": false,
      "facetable": false,
      "key": false,
      "indexAnalyzer": null,
      "searchAnalyzer": null,
      "analyzer": "ar.lucene",
      "normalizer": null,
      "synonymMaps": []
    },
    {
      "name": "abstract_ar",
      "type": "Edm.String",
      "searchable": true,
      "filterable": false,
      "retrievable": true,
      "sortable": false,
      "facetable": false,
      "key": false,
      "indexAnalyzer": null,
      "searchAnalyzer": null,
      "analyzer": "ar.lucene",
      "normalizer": null,
      "synonymMaps": []
    },
    {
      "name": "comment_ar",
      "type": "Edm.String",
      "searchable": true,
      "filterable": false,
      "retrievable": true,
      "sortable": false,
      "facetable": false,
      "key": false,
      "indexAnalyzer": null,
      "searchAnalyzer": null,
      "analyzer": "ar.lucene",
      "normalizer": null,
      "synonymMaps": []
    },
    {
      "name": "brands_ar",
      "type": "Collection(Edm.String)",
      "searchable": true,
      "filterable": true,
      "retrievable": true,
      "sortable": false,
      "facetable": true,
      "key": false,
      "indexAnalyzer": null,
      "searchAnalyzer": null,
      "analyzer": "ar.lucene",
      "normalizer": null,
      "synonymMaps": []
    },
    {
      "name": "namedLocations_ar",
      "type": "Collection(Edm.String)",
      "searchable": true,
      "filterable": true,
      "retrievable": true,
      "sortable": false,
      "facetable": true,
      "key": false,
      "indexAnalyzer": null,
      "searchAnalyzer": null,
      "analyzer": "ar.lucene",
      "normalizer": null,
      "synonymMaps": []
    },
    {
      "name": "namedPeople_ar",
      "type": "Collection(Edm.String)",
      "searchable": true,
      "filterable": true,
      "retrievable": true,
      "sortable": false,
      "facetable": true,
      "key": false,
      "indexAnalyzer": null,
      "searchAnalyzer": null,
      "analyzer": "ar.lucene",
      "normalizer": null,
      "synonymMaps": []
    },
    {
      "name": "topics_ar",
      "type": "Collection(Edm.String)",
      "searchable": true,
      "filterable": true,
      "retrievable": true,
      "sortable": false,
      "facetable": true,
      "key": false,
      "indexAnalyzer": null,
      "searchAnalyzer": null,
      "analyzer": "ar.lucene",
      "normalizer": null,
      "synonymMaps": []
    },
    {
      "name": "tags_ar",
      "type": "Collection(Edm.String)",
      "searchable": true,
      "filterable": true,
      "retrievable": true,
      "sortable": false,
      "facetable": true,
      "key": false,
      "indexAnalyzer": null,
      "searchAnalyzer": null,
      "analyzer": "ar.lucene",
      "normalizer": null,
      "synonymMaps": []
    },
    {
      "name": "cv_tags",
      "type": "Edm.ComplexType",
      "fields": [
        {
          "name": "categories",
          "type": "Collection(Edm.ComplexType)",
          "fields": [
            {
              "name": "name",
              "type": "Edm.String",
              "searchable": true,
              "filterable": false,
              "retrievable": true,
              "sortable": false,
              "facetable": false,
              "key": false,
              "indexAnalyzer": null,
              "searchAnalyzer": null,
              "analyzer": "standard.lucene",
              "normalizer": null,
              "synonymMaps": []
            },
            {
              "name": "score",
              "type": "Edm.Double",
              "searchable": false,
              "filterable": false,
              "retrievable": true,
              "sortable": false,
              "facetable": false,
              "key": false,
              "indexAnalyzer": null,
              "searchAnalyzer": null,
              "analyzer": null,
              "normalizer": null,
              "synonymMaps": []
            }
          ]
        },
        {
          "name": "tags",
          "type": "Collection(Edm.ComplexType)",
          "fields": [
            {
              "name": "name",
              "type": "Edm.String",
              "searchable": true,
              "filterable": true,
              "retrievable": true,
              "sortable": false,
              "facetable": true,
              "key": false,
              "indexAnalyzer": null,
              "searchAnalyzer": null,
              "analyzer": "standard.lucene",
              "normalizer": null,
              "synonymMaps": []
            },
            {
              "name": "confidence",
              "type": "Edm.Double",
              "searchable": false,
              "filterable": false,
              "retrievable": true,
              "sortable": false,
              "facetable": false,
              "key": false,
              "indexAnalyzer": null,
              "searchAnalyzer": null,
              "analyzer": null,
              "normalizer": null,
              "synonymMaps": []
            }
          ]
        },
        {
          "name": "description",
          "type": "Edm.ComplexType",
          "fields": [
            {
              "name": "tags",
              "type": "Collection(Edm.String)",
              "searchable": true,
              "filterable": false,
              "retrievable": true,
              "sortable": false,
              "facetable": false,
              "key": false,
              "indexAnalyzer": null,
              "searchAnalyzer": null,
              "analyzer": "standard.lucene",
              "normalizer": null,
              "synonymMaps": []
            },
            {
              "name": "captions",
              "type": "Collection(Edm.ComplexType)",
              "fields": [
                {
                  "name": "text",
                  "type": "Edm.String",
                  "searchable": true,
                  "filterable": false,
                  "retrievable": true,
                  "sortable": false,
                  "facetable": false,
                  "key": false,
                  "indexAnalyzer": null,
                  "searchAnalyzer": null,
                  "analyzer": "standard.lucene",
                  "normalizer": null,
                  "synonymMaps": []
                },
                {
                  "name": "confidence",
                  "type": "Edm.Double",
                  "searchable": false,
                  "filterable": false,
                  "retrievable": true,
                  "sortable": false,
                  "facetable": false,
                  "key": false,
                  "indexAnalyzer": null,
                  "searchAnalyzer": null,
                  "analyzer": null,
                  "normalizer": null,
                  "synonymMaps": []
                }
              ]
            }
          ]
        }
      ]
    }
  ],
  "scoringProfiles": [],
  "corsOptions": null,
  "suggesters": [{
    "name": "sg",
    "searchMode": "analyzingInfixMatching",
    "sourceFields": ["path_tags", "file_tags", "path_tags_ar", "file_tags_ar"]
  }],
  "analyzers": [],
  "normalizers": [],
  "tokenizers": [],
  "tokenFilters": [],
  "charFilters": [],
  "encryptionKey": null,
  "similarity": {
    "@odata.type": "#Microsoft.Azure.Search.BM25Similarity",
    "k1": null,
    "b": null
  },
  "semantic": null
}